module_id,module_name,topic_id,level,summary
1,Introduction to Deep Learning,1,beginner,"This module provides an overview of deep learning, its significance, and key concepts. It explores how deep learning relates to machine learning and artificial intelligence, and sets the stage for deeper dives into more specific topics."
2,Neural Networks Basics,1,beginner,"This module covers the fundamental building blocks of neural networks, including neurons, layers, and activation functions. Learners will understand how these components work together to process information."
3,Understanding Activation Functions,1,beginner,"This module explains different activation functions used in neural networks, such as Sigmoid, ReLU, and Tanh. The importance of selecting the appropriate activation function for various applications is emphasized."
4,Data Preprocessing for Deep Learning,1,beginner,"This module focuses on the importance of data preprocessing in deep learning. Topics include normalization, encoding categorical variables, and augmenting datasets for better model performance."
5,Building Your First Neural Network,1,beginner,"In this hands-on module, learners will create and train their first simple neural network using a beginner-friendly deep learning library. The process of model training, validation, and testing will be covered."
6,Introduction to Convolutional Neural Networks (CNNs),1,beginner,"This module introduces CNNs, which are specifically designed for image processing tasks. Key concepts such as convolution, pooling, and feature maps are explained in an easy-to-understand manner."
7,Basics of Overfitting and Regularization,1,beginner,"This module discusses the challenges of overfitting in deep learning models. Various techniques for regularization, such as dropout and L2 regularization, will be introduced to help learners mitigate this issue."
8,Understanding Loss Functions,1,beginner,This module covers the role of loss functions in deep learning models. Learners will explore different types of loss functions and their impacts on model training and performance.
9,Introduction to Optimizers and Learning Rate,1,beginner,This module explains what optimizers are in the context of deep learning and their role in training models. It will also cover the concept of learning rates and how to choose the correct one.
10,Evaluating Deep Learning Models,1,beginner,"In this module, learners will understand various metrics used for evaluating the performance of deep learning models. It will include accuracy, precision, recall, and F1-score, among others."
11,1. Advanced Neural Network Architectures,1,advanced,"This module explores sophisticated neural network structures, including convolutional neural networks (CNNs), recurrent neural networks (RNNs), and their variants. Students will learn about the design principles, advantages, and limitations of each architecture, as well as real-world applications in computer vision, natural language processing, and more."
12,2. Transfer Learning and Fine-Tuning Techniques,1,advanced,"This module focuses on strategies for transfer learning and how to effectively fine-tune pre-trained models for specific tasks. Participants will study the theoretical underpinnings and practice implementing transfer learning in various scenarios, particularly in data-scarce environments."
13,3. Generative Adversarial Networks (GANs),1,advanced,"In this module, students will study the mechanics of GANs and their applications in generating synthetic data, including images and text. The course covers different GAN architectures, training methods, and evaluation metrics while exploring ethical considerations related to generative models."
14,4. Advanced Optimization Algorithms in Deep Learning,1,advanced,"This module delves into cutting-edge optimization algorithms used in training deep learning models, such as Adam, RMSprop, and LBFGS. It emphasizes the importance of hyperparameter tuning and techniques for improving convergence rates and model performance."
15,5. Explainable AI and Model Interpretability,1,advanced,"Focusing on the critical domain of model interpretability, this module covers methods for understanding the decisions made by deep learning models, including SHAP, LIME, and attention mechanisms. The course emphasizes the ethical implications of explainable AI and its importance in various industries."
16,6. Deep Reinforcement Learning,1,advanced,"This module introduces advanced concepts in reinforcement learning as applied to deep learning. Topics include policy gradients, Q-learning, and novel architectures that combine deep learning techniques with reinforcement learning for complex decision-making tasks."
17,7. Neural Network Deployment and Scalability,1,advanced,"Students will learn the principles of deploying deep learning models into production environments, covering containerization, cloud services, and scaling techniques. The module also addresses challenges in managing resource allocation and latency while maintaining model performance."
18,8. Ethical Considerations in Deep Learning,1,advanced,"This module provides an in-depth examination of the ethical considerations surrounding deep learning technology, such as data privacy, bias in AI systems, and the societal impact of deploying deep learning models. Students will discuss strategies to promote fairness and accountability in AI development."
19,Introduction to LangGraph,2,beginner,"Discover the basics of LangGraph, a framework for building stateful, multi-actor agents using LLMs. Learn how it facilitates collaboration in complex scenarios and understand its foundational concepts."
20,Getting Started with LangGraph in Python,2,beginner,"Learn how to utilize LangGraph with Python to create flexible and scalable multi-agent applications. This module covers installation, setup, and initial implementation examples."
21,Building Your First LangGraph Application,2,beginner,"Step through creating your first application using LangGraph, focusing on state management, nodes, and edges. Understand how to structure a basic multi-agent LLM system."
22,Exploring LangGraph Cloud,2,beginner,Dive into LangGraph Cloud and learn how to deploy your LangGraph applications seamlessly. This module covers the benefits of cloud deployment and practical deployment tips.
23,Creating Chatbots with LangGraph,2,beginner,Learn how to design and build chatbots using LangGraph. This module will introduce you to creating interactive language agents and managing their states effectively.
24,LangGraph Studio: Visualization and Debugging,2,beginner,"Explore LangGraph Studio, a powerful tool for visualizing and debugging agent applications. Learn how to interact with different components of your agents and improve debugging workflows."
25,Integrating LangGraph with LangChain,2,beginner,Understand how LangGraph integrates with the LangChain ecosystem for building robust applications. This module will cover practical examples and recommended practices.
26,Real-World Use Cases of LangGraph,2,beginner,"Examine various real-world applications that utilize LangGraph, from planning agents to reflection agents. Gain insights into how these agents work in practical scenarios."
27,Advanced Applications of LangGraph in Multi-Agent Systems,2,advanced,"Explore the capabilities of LangGraph in developing stateful, multi-actor agents that can navigate complex scenarios and cooperate with human users. This module covers deployment with LangGraph Cloud and illustrates real-world use cases in Python and JavaScript."
28,Building Scalable LLM Applications with LangGraph,2,advanced,"Delve into the LangGraph library within the LangChain ecosystem to construct flexible, scalable applications utilizing nodes, edges, and state management. Participants will learn how to simplify the development process for intricate multi-agent LLM projects."
29,Creating Interactive Language Agents Using LangGraph,2,advanced,"Learn to harness LangGraph to build a variety of language agents such as chatbots, code assistants, and planning agents. This module provides hands-on tutorials that emphasize the practical aspects of developing and deploying agent-based applications."
30,Debugging and Optimizing LangGraph Applications with LangGraph Studio,2,advanced,"Gain insights into using LangGraph Studio, a desktop application designed for visualizing, interacting with, and debugging agentic applications. This module focuses on optimizing agent behaviors and managing complex interactions effectively."
31,Integrating Human-in-the-Loop Design with LangGraph,2,advanced,"Examine the integration of human-in-the-loop methodologies in LangGraph applications. This advanced module covers cycles, controllability, and persistence, allowing for the creation of intelligent applications that adapt according to user feedback and real-time data."
32,Exploring the Future of Agent-Based Systems with LangGraph,2,advanced,"Investigate the potential of emerging trends in agent-based systems, focusing on LangGraph's capabilities in orchestration and streaming features. Participants will explore groundbreaking advancements and their implications for future language model applications."
33,Introduction to Science,3,beginner,"This module introduces the fundamental concepts of science, its importance in our everyday lives, and the scientific method. Students will learn what science is and explore different branches of science such as physics, chemistry, and biology."
34,Understanding Matter,3,beginner,"In this module, students will dive into the basic properties of matter, including solids, liquids, and gases. They will learn about atoms and molecules, and how different states of matter transform under different conditions."
35,The Scientific Method,3,beginner,"This module focuses on the steps of the scientific method. Students will understand how to formulate hypotheses, conduct experiments, collect data, and draw conclusions based on their findings, fostering critical thinking skills."
36,Basic Biology,3,beginner,"Students will be introduced to the cell as the basic unit of life. This module covers the major components of living organisms, including plants and animals, and their functions, emphasizing the diversity of life."
37,Introduction to Physics,3,beginner,"This module presents fundamental physics concepts such as force, motion, and energy. Students will learn about simple machines and will conduct basic experiments to explore these principles in a hands-on manner."
38,Exploring Chemistry,3,beginner,"In this module, students will get familiar with the concept of chemical reactions, elements, and compounds. They'll explore the periodic table and engage in simple experiments that showcase how substances interact."
39,Earth and Space Science,3,beginner,"This module introduces students to earth sciences, including geology, meteorology, and astronomy. They will explore the solar system, weather patterns, and the rock cycle, fostering curiosity about our planet and beyond."
40,Environmental Science Basics,3,beginner,"Students will learn about ecosystems, food chains, and the importance of biodiversity. This module emphasizes the impact of human activities on the environment and promotes awareness of sustainability."
41,Introduction to Scientific Measurement,3,beginner,"This module focuses on the skills necessary for performing measurements and recording data accurately. Students will learn about different units of measurement and how to use various tools like rulers, scales, and thermometers."
42,Fun with Experiments,3,beginner,"In this hands-on module, students will conduct simple yet exciting science experiments that illustrate key concepts from previous topics. Emphasis will be on safety, observation, and reporting findings to inspire a love for science."
43,Advanced Concepts in Matter and Energy,3,advanced,"This module explores the intricate relationship between matter and energy, delving into topics such as the laws of thermodynamics, conservation of energy, and the different states of matter. Students will engage in hands-on experiments to visualize energy transformations and analyze the characteristics of solids, liquids, and gases."
44,Detailed Study of Chemical Reactions,3,advanced,"This module provides an in-depth examination of chemical reactions, including types of reactions, reaction rates, and energy changes during reactions. Students will learn to balance chemical equations, classify reactions, and explore the role of catalysts through practical investigations."
45,Understanding Forces and Motion,3,advanced,"Focusing on Newton's laws of motion, this module examines how forces interact with objects to produce motion. Students will engage in complex problem-solving scenarios involving friction, gravity, and momentum, and will conduct experiments to observe and measure these principles in action."
46,Exploring the Fundamentals of Genetics,3,advanced,"This module introduces advanced genetic concepts such as inheritance patterns, DNA structure, and genetic variations. Students will study Mendelian genetics, modern biotechnology applications, and explore ethical considerations surrounding genetic manipulation and cloning through case studies."
47,Integration of Earth and Space Sciences,3,advanced,"Students will investigate the Earth's systems, including geology, meteorology, and astronomy. The module covers topics such as plate tectonics, weather phenomena, and the solar system's structure, encouraging students to connect these concepts to real-world environmental issues and phenomena."
48,Principles of Ecosystem Dynamics,3,advanced,"This module takes an advanced look at ecosystems, food webs, and biogeochemical cycles. Students will analyze the interactions between organisms and their environment, focusing on energy flow, nutrient cycling, and the impact of human activities on biodiversity."
49,Advanced Waves and Sound Phenomena,3,advanced,"Students will delve into the physics of waves, encompassing sound, light, and electromagnetic waves. This module includes the study of wave properties, behavior, and their applications in technology, as well as a review of the auditory system and sound wave interactions."
50,Innovations in Renewable Energy Technologies,3,advanced,"In this module, students will explore cutting-edge renewable energy sources and technologies. Topics include solar, wind, hydroelectric, and geothermal energies, as well as the engineering principles behind energy conversion and storage. Students will also evaluate the sustainability and environmental impact of these technologies."
51,Introduction to the Scientific Method,4,beginner,"This module introduces the scientific method, including making observations, forming hypotheses, conducting experiments, and analyzing data. Students will learn how to ask scientific questions and record their findings systematically."
52,The Basics of the Earth and Space,4,beginner,"In this module, students will explore the structure of the Earth, its layers, and the solar system's components, including planets, moons, and stars. This module emphasizes understanding how these elements interact and the concepts of gravity and orbits."
53,Living Organisms and Ecosystems,4,beginner,"This module covers the characteristics of life and the diversity of living organisms. Students will learn about ecosystems, food chains, and the interdependence of species, gaining insights into how energy and matter flow through ecosystems."
54,Fundamentals of Matter and Energy,4,beginner,"Students will explore the basic concepts of matter, its states, and the properties of substances. Additionally, this module introduces forms of energy and the principles of energy transfer, focusing on real-world applications."
55,Introduction to Physical Science Concepts,4,beginner,"This module presents fundamental concepts in physics and chemistry, including force, motion, simple machines, and chemical reactions. Students will engage in hands-on activities to understand these concepts better."
56,Exploring the Environment and Conservation,4,beginner,"In this module, students will learn about environmental science, including ecosystems, biodiversity, pollution, and conservation efforts. They will understand human impacts on the environment and ways to promote sustainability."
57,The Basics of Human Anatomy and Physiology,4,beginner,"This module introduces students to the human body's systems and how they function, including the circulatory, respiratory, and digestive systems. The goal is to understand how these systems interact to maintain homeostasis."
58,Module 1: Advanced Cellular Biology,4,advanced,"This module delves into the complex structures and functions of cells, exploring organelles, cellular processes such as cellular respiration and photosynthesis, and the role of cells in larger biological systems. Students will engage in hands-on experiments to observe cell behavior and functions under various conditions."
59,Module 2: The Principles of Genetics,4,advanced,"In this module, students will learn about the foundations of genetics, including Mendelian inheritance, DNA structure, and genetic variation. They will also explore modern genetic technologies, such as CRISPR, and the ethical implications of genetic manipulation in living organisms."
60,Module 3: Fundamental Concepts of Chemistry,4,advanced,"This module encompasses advanced topics in chemistry, including atomic structure, the periodic table, chemical bonding, reactions, and stoichiometry. Students will conduct experiments to understand chemical principles and engage in problem-solving to apply their knowledge to real-world scenarios."
61,Module 4: Earth’s Systems and Processes,4,advanced,"Students will study the dynamic Earth, focusing on geology, meteorology, oceanography, and environmental science. Topics include plate tectonics, weather patterns, ecosystems, and human impact on natural systems. Interactive simulations and field studies will enhance their understanding of Earth's processes."
62,Module 5: Advanced Physics and Energy Concepts,4,advanced,"This module introduces students to advanced concepts in physics, such as Newtonian mechanics, energy transformations, and waves. Through experiments and demonstrations, students will explore the laws of motion, types of energy, and the principles governing various forms of energy transfer."
63,Module 6: Astronomy and the Universe,4,advanced,"Students will embark on a journey through space, exploring celestial bodies, the structure of the universe, the laws of planetary motion, and the lifecycle of stars. They will utilize telescopes and software to observe astronomical phenomena and analyze data related to space exploration."
64,Module 7: The Scientific Method and Inquiry,4,advanced,"This module emphasizes the importance of the scientific method in conducting research and experiments. Students will learn how to formulate hypotheses, design experiments, collect data, and analyze results, fostering critical thinking and problem-solving skills in scientific inquiry."
65,Introduction to Machine Learning,5,beginner,"This module provides an overview of machine learning concepts, including definitions, key terminology, and applications in various fields. It lays the foundational knowledge necessary for understanding more complex topics in the future."
66,Types of Machine Learning,5,beginner,"This module explores the three main types of machine learning: supervised learning, unsupervised learning, and reinforcement learning. Each type is described with examples and practical applications to solidify understanding."
67,Basic Algorithms in Machine Learning,5,beginner,"In this module, learners will be introduced to fundamental machine learning algorithms such as linear regression, decision trees, and k-nearest neighbors. The module focuses on the principles behind these algorithms and simple use cases."
68,Data Preprocessing and Cleaning,5,beginner,"This module covers essential techniques for preparing data for machine learning, including data cleaning, normalization, and handling missing values. Learners will understand the importance of data quality and its impact on model performance."
69,Introduction to Python for Machine Learning,5,beginner,This module introduces Python programming with an emphasis on libraries commonly used in machine learning such as NumPy and Pandas. Beginners will learn how to set up their environment and write basic code for data manipulation.
70,Evaluation Metrics in Machine Learning,5,beginner,"This module focuses on how to measure the performance of machine learning models. Learners will explore various metrics such as accuracy, precision, recall, and F1 score, along with their relevance to different types of tasks."
71,Basic Model Training and Testing,5,beginner,"In this module, students will learn the concepts of training and testing machine learning models, including the importance of splitting datasets. The module provides practical examples of building simple models and how to assess their performance."
72,Introduction to Neural Networks,5,beginner,"This module provides a beginner-friendly overview of neural networks, including their structure and how they mimic the human brain. Simple examples of neural network applications will be discussed to illustrate their capabilities."
73,Predictive Modeling and Risk Assessment in Machine Learning,5,advanced,"This module delves into the advanced techniques of predictive modeling, focusing on how machine learning algorithms can be employed for risk assessment across various industries. It covers methodologies such as logistic regression, decision trees, and ensemble methods, along with practical applications in finance, healthcare, and cybersecurity."
74,Deep Learning Architectures and Their Applications,5,advanced,"This module explores the intricacies of deep learning architectures, including convolutional neural networks, recurrent neural networks, and transformers. It discusses their applications in image processing, natural language processing, and reinforcement learning, emphasizing their strengths and limitations in complex problem-solving scenarios."
75,Unsupervised Learning: Clustering and Dimensionality Reduction Techniques,5,advanced,"This module focuses on advanced unsupervised learning techniques, including k-means clustering, hierarchical clustering, t-SNE, and PCA. Participants will learn how to identify patterns in data without labeled outputs and apply these techniques to real-world datasets to uncover insights and structure."
76,Ethics and Bias in Machine Learning Models,5,advanced,"This module addresses the critical issues of ethics and bias in machine learning. It covers how biases can arise in data collection and model training, the implications of these biases in decision-making, and strategies to ensure fairness, accountability, and transparency in machine learning applications."
77,Bayesian Machine Learning: Theory and Practice,5,advanced,"This advanced module walks through Bayesian methods in machine learning, incorporating Bayesian inference, Markov Chain Monte Carlo (MCMC) methods, and variational inference. Participants will learn how to apply Bayesian techniques for model selection, uncertainty quantification, and posterior predictive checks."
78,Natural Language Processing: Advanced Techniques and Applications,5,advanced,"This module provides a comprehensive overview of advanced techniques in natural language processing (NLP), such as transformer models, attention mechanisms, and word embeddings. It also examines applications of NLP in chatbots, sentiment analysis, and information retrieval, providing hands-on experience with state-of-the-art tools."
79,Time Series Analysis with Machine Learning,5,advanced,"This module is dedicated to the application of machine learning techniques in time series analysis. It covers advanced forecasting methods, handling seasonality, trends, and cyclic behavior in data, and evaluates the effectiveness of various models including ARIMA, LSTM, and advanced deep learning approaches."
80,Reinforcement Learning: Principles and Applications,5,advanced,"In this advanced module, participants will explore the principles of reinforcement learning, including Markov decision processes, Q-learning, and policy gradients. The module will include practical case studies in robotics, gaming, and autonomous systems, enhancing understanding of how agents learn to make decisions in dynamic environments."
81,Introduction to Tezos Blockchain,6,beginner,"Discover the fundamentals of Tezos, an open-source blockchain platform created in 2014. Understand its purpose, key features, and how it facilitates peer-to-peer transactions and smart contracts."
82,Understanding Tezos Cryptocurrency,6,beginner,"Learn about the native cryptocurrency of Tezos, known as 'tez' (XTZ). This module covers what tez is, its significance within the Tezos network, and how it can be used in blockchain interactions."
83,How Tezos Achieves Consensus,6,beginner,"Explore the proof-of-stake consensus mechanism used by Tezos. This module explains how it validates transactions and secures the network, offering a contrast to other consensus methods like proof-of-work."
84,On-Chain Governance in Tezos,6,beginner,Delve into the unique governance model of Tezos that allows the blockchain to amend itself through community proposals. This module teaches how governance impacts the evolution and upgrades of the protocol.
85,Smart Contracts on Tezos,6,beginner,Gain an understanding of what smart contracts are and how they function on the Tezos platform. This module covers the basics of deploying and interacting with smart contracts within the Tezos ecosystem.
86,Getting Started with Tezos,6,beginner,"This introductory guide provides step-by-step instructions on how to engage with the Tezos blockchain. Learn about wallets, storing tez, and practical steps to begin using the Tezos network."
87,Understanding Tezos: A Deep Dive into Its Architecture,6,advanced,"Explore the technical underpinnings of the Tezos blockchain, including its unique delegated proof-of-stake model, smart contract capabilities, and its decentralized, permissionless transaction network structure as discussed in various sources."
88,On-Chain Governance and Self-Amendment in Tezos,6,advanced,"Delve into Tezos's innovative on-chain governance model that allows the protocol to evolve through self-amendment, facilitating stakeholder participation in protocol decision-making and updates."
89,Proof-of-Stake Mechanisms: The Tezos Approach,6,advanced,"Examine the intricacies of the proof-of-stake consensus employed by Tezos, its economic implications, and how it contrasts with traditional proof-of-work systems, highlighting the benefits of reduced energy consumption and increased security."
90,Building Smart Contracts on Tezos,6,advanced,"Learn the fundamentals of creating and deploying smart contracts on the Tezos blockchain, including the use of formal verification to ensure the correctness and security of contract logic."
91,Tezos in the Ecosystem: Tokenomics and Utility,6,advanced,"Analyze the role of Tez (XTZ) within the Tezos network, its economic model, utility in governance, and its significance in facilitating peer-to-peer transactions and smart contract execution."
92,Introduction to Tezos Blockchain,6,beginner,"This module provides an overview of the Tezos blockchain, including its history, mission, and unique features. Learners will understand the fundamentals of blockchain technology and why Tezos stands out among other blockchain platforms."
93,Understanding Smart Contracts on Tezos,6,beginner,"In this module, learners will explore the concept of smart contracts and how they are implemented on the Tezos platform. The module will cover basic syntax and structure, offering insights into how smart contracts improve automation and efficiency."
94,Tezos Consensus Mechanism,6,beginner,"This module introduces the consensus mechanism used by Tezos, particularly Liquid Proof of Stake (LPoS). Participants will learn how this mechanism works, its advantages, and how it contributes to network security and decentralization."
95,Setting Up a Tezos Wallet,6,beginner,"Learners will discover how to create and manage a wallet for Tezos. This module will guide users through the process of setting up a wallet, securing private keys, and conducting basic transactions in a safe manner."
96,Introduction to Michelson Language,6,beginner,"This module focuses on Michelson, the low-level language used for smart contracts in Tezos. Participants will learn basic syntax, key concepts in programming, and how to write simple contracts using Michelson."
97,Exploring Tezos dApps,6,beginner,"In this module, learners will examine decentralized applications (dApps) built on the Tezos blockchain. The discussion will include use cases, benefits, and the ecosystem of dApps available to users."
98,Tezos Governance and Voting Process,6,beginner,"This module covers the governance model of Tezos, explaining how stakeholders can participate in decision-making and protocol upgrades. Learners will understand the importance of governance in a decentralized network."
99,Tezos Community and Ecosystem,6,beginner,"Participants will explore the vibrant community and ecosystem surrounding Tezos. This module includes discussions on key players, community initiatives, and how to get involved in the Tezos community."
100,Introduction to Tezos Blockchain,7,beginner,"Discover the foundational concepts behind the Tezos blockchain, including its open-source nature, peer-to-peer transactions, and smart contracts. This module provides an overview of how Tezos functions and its main features."
101,The Tezos Cryptocurrency - XTZ,7,beginner,"Learn about the native cryptocurrency of the Tezos blockchain, XTZ (tez), including its significance, use cases, and role within the Tezos ecosystem. This module will explain the basics of cryptocurrency in relation to Tezos."
102,History and Evolution of Tezos,7,beginner,"Explore the colorful history of Tezos, from its creation in 2014 by Arthur and Kathleen Breitman to its crowdfunding success in 2017 and subsequent evolution. Understand the key milestones and upgrades that have shaped Tezos."
103,How Tezos Achieves Self-Amendment,7,beginner,This module outlines how Tezos incorporates self-amendment and on-chain governance to upgrade itself. Learn about the innovative mechanisms that allow Tezos to evolve continuously and adapt to new challenges.
104,Getting Started with Tezos,7,beginner,An introductory module designed for beginners looking to understand how to start using Tezos. Discover the resources and communities available to help new users navigate the Tezos ecosystem and its applications.
105,Understanding Tezos: A Deep Dive into Its Architecture,7,advanced,"Explore the technical underpinnings of the Tezos blockchain, including its unique structure, decentralized nature, and the transition to a delegated proof-of-stake (DPoS) model, facilitating peer-to-peer transactions and smart contracts."
106,Governance and Self-Amendment in Tezos,7,advanced,"Analyze Tezos's innovative on-chain governance model that allows the protocol to evolve through self-amendment, empowering stakeholders to participate in decision-making and seamlessly implement upgrades."
107,The Role of Proof-of-Stake in Tezos,7,advanced,"Examine how the proof-of-stake consensus mechanism operates within Tezos, contrasting it with traditional proof-of-work models and discussing its implications for security, empowerment of stakeholders, and energy efficiency."
108,Smart Contracts and Formal Verification on Tezos,7,advanced,"Delve into the capabilities of smart contracts on Tezos and the significance of formal verification in ensuring the reliability and security of these contracts, enhancing trust in decentralized applications."
109,Economic Stakes and Governance Mechanisms in Tezos,7,advanced,"Investigate the economic principles behind Tezos’s governance, how economic stakes influence decision-making, and the advantages of a governance model that precludes forks, fostering stability in the ecosystem."
110,Introduction to Tezos Blockchain,8,beginner,"This module provides an overview of the Tezos blockchain, covering its purpose as an open-source platform for peer-to-peer transactions and smart contracts. Participants will learn about the native cryptocurrency, tez (XTZ), and its role within the network."
111,Understanding Proof-of-Stake,8,beginner,"In this module, learners will explore the proof-of-stake consensus mechanism utilized by Tezos. The course will detail how this system differs from traditional mining methods, emphasizing its benefits in energy efficiency and network governance."
112,Governance in Tezos,8,beginner,"This module introduces the on-chain governance model of Tezos, explaining how upgrade proposals are made and approved within the network. Participants will understand the significance of this feature in maintaining and evolving the blockchain without forks."
113,The Basics of Tez (XTZ),8,beginner,"This module focuses on the Tez cryptocurrency, known as tezzie. It will cover its use within the Tezos ecosystem, including how it can be earned and staked by holders, along with its role in the overall functionality of the blockchain."
114,Getting Started with the Tezos Ecosystem,8,beginner,"This introductory module guides participants through the Tezos ecosystem, showcasing the various applications and services available. Learners will gain insights into how to engage with the network and begin their journey in blockchain development."
115,Key Advantages and Challenges of Tezos,8,beginner,"In this module, learners will identify the major advantages and challenges associated with Tezos as a blockchain solution. Topics will include its innovative governance model, economic stake-based governance, and some of the criticisms it faces in the broader blockchain space."
116,Understanding Tezos: The Future of Blockchain Technology,8,advanced,"This module explores the fundamental aspects of Tezos, an open-source blockchain that facilitates peer-to-peer transactions and the deployment of smart contracts. Participants will gain insights into the unique features of the Tezos network, including its consensus mechanism, proof-of-stake architecture, and the role of the tez cryptocurrency (XTZ)."
117,On-Chain Governance in Tezos: Implications for Blockchain Evolution,8,advanced,"Delving into the governance model of Tezos, this module examines how the platform allows stakeholders to propose and enact upgrades, ensuring continuous improvement without causing forks. This class will compare Tezos's governance methods to traditional blockchain governance frameworks and discuss the socio-economic implications of such frameworks."
118,Tezos Ecosystem: Building Decentralized Applications,8,advanced,"Focusing on the practical applications of Tezos, this module covers the ecosystem surrounding Tezos, emphasizing the development of decentralized applications (dApps) on the platform. Through case studies, students will learn about the tools and resources available to developers within the Tezos ecosystem and strategies for successfully launching dApps."
119,Economic Incentives in Proof-of-Stake Networks: A Case Study on Tezos,8,advanced,"This advanced module investigates the economic incentives inherent in Tezos's proof-of-stake consensus mechanism. By analyzing the staking rewards and the methodologies used to sustain network integrity, participants will gain a comprehensive understanding of how economic models influence blockchain performance."
120,Scaling Solutions and the Future of Tezos: Exploring Tezos X,8,advanced,"This module takes an in-depth look at the Tezos X initiative aimed at advancing the scalability and modularity of blockchain applications. Participants will study the vision and technical architecture behind Tezos X, alongside discussions on its broader impact on the blockchain landscape and real-world applications."
121,The Role of Validators: Governance and Stake Within Tezos,8,advanced,"Designed for participants interested in governance and validation processes, this module explores the role of validators in the Tezos network. Discussions will cover responsibilities, the process of becoming a validator, and the socio-political dynamics of decentralized network governance."
122,Introduction to Deep Learning,1,beginner,"This module provides a foundational overview of deep learning, exploring its definition, significance, and applications. Learners will understand how deep learning particularly relates to machine learning and the types of tasks it can perform, including image and speech recognition."
123,Essential Concepts and Terms in Deep Learning,1,beginner,"This module introduces key terminology and concepts essential for deep learning, such as neural networks, layers, and backpropagation. By the end, learners will grasp the fundamental concepts that underpin deep learning models and systems."
124,Deep Learning Frameworks: An Overview,1,beginner,"An introduction to popular deep learning frameworks, including TensorFlow and Apache Kafka. This module covers their roles in developing and managing deep learning projects, helping learners understand the tools available for practical application."
125,The Architecture of Neural Networks,1,beginner,"This module focuses on the design and architecture of neural networks. Students will learn about how neural networks are structured, including the importance of layers and connections between neurons."
126,Applications of Deep Learning in Real Life,1,beginner,"Explore the various applications of deep learning, from medical image analysis to speech recognition. This module highlights how deep learning technologies are utilized across different industries and their impact on modern technology."
127,Deep Learning in Natural Language Processing,1,beginner,"This module examines the role of deep learning in natural language processing (NLP). Learners will cover how deep learning algorithms analyze and interpret human language, powering technologies like chatbots and virtual assistants."
128,Diving Deeper: Convolutional and Recurrent Neural Networks,1,beginner,"An exploration of different types of neural networks, specifically convolutional neural networks (CNNs) and recurrent neural networks (RNNs). This module focuses on their specific applications and how they contribute to advancements in image processing and sequential data handling."
129,Building Your First Deep Learning Model,1,beginner,"A hands-on module guiding learners through the process of building their first deep learning model. Students will learn to set up the necessary frameworks and develop a simple neural network, gaining practical experience in the field."
130,Introduction to Adversarial Machine Learning,9,beginner,"This module provides an overview of adversarial machine learning, explaining its definition and significance in identifying vulnerabilities in machine learning models. Learners will explore how adversarial attacks manipulate inputs to cause incorrect predictions and the importance of developing robust models."
131,Types of Adversarial Attacks,9,beginner,"Dive into the various types of adversarial attacks that can be performed on machine learning systems. This module will cover examples and methods used by attackers to disrupt model performance, including how these attacks may cause models to release sensitive information."
132,Understanding Model Vulnerabilities,9,beginner,"In this module, learners will gain insights into common vulnerabilities found in machine learning models. It will discuss real-world implications of these weaknesses and why practitioners need to prioritize the defense against adversarial attacks in industrial applications."
133,Defenses Against Adversarial Attacks,9,beginner,Explore the strategies and techniques developed to protect machine learning frameworks from adversarial attacks. This module will cover the importance of building resilient models and the ongoing research to enhance their defenses.
134,The Role of Adversarial Machine Learning in Cybersecurity,9,beginner,This module examines the intersection of adversarial machine learning and cybersecurity. It highlights how adversaries can exploit weaknesses in AI systems and discusses the implications for protecting sensitive data and making accurate assessments.
135,Introduction to Cognitive Science,10,beginner,"This module provides an overview of cognitive science, an interdisciplinary field that examines the nature and functions of cognitive processes in the mind. It draws on insights from psychology, computer science, linguistics, philosophy, and neuroscience to explore how these disciplines interconnect."
136,Understanding Cognitive Processes,10,beginner,"Explore key cognitive processes such as perception, memory, and reasoning. This module introduces how cognitive science studies these phenomena and offers a foundation for understanding how we think and make decisions."
137,The Mind as a Computational System,10,beginner,"Learn about the conceptualization of the mind as a computational system. This module delves into how cognitive processes can be modeled on computers and discusses the implications for our understanding of learning, language, and memory."
138,Historical Perspectives in Cognitive Science,10,beginner,"Discover the historical development of cognitive science, tracing its origins to the mid-20th century and the contributions of pioneers like Herbert Simon and Marvin Minsky. This module examines how past theories and experimental practices have shaped current understanding."
139,Cognitive Science and Mental Health,10,beginner,This module investigates the role of cognitive science in understanding mental health issues like depression and schizophrenia. You'll learn about the cognitive and neural processes that influence mental well-being and the importance of this field in medicine.
140,Interdisciplinary Nature of Cognitive Science,10,beginner,"Explore how cognitive science integrates multiple disciplines to study the mind. This module highlights key areas such as artificial intelligence, human factors engineering, and the implications for education and other applied domains."
141,Getting Started with Power BI Desktop,11,beginner,"This module covers the basics of Power BI Desktop, including how to install and launch the software, navigate the user interface, and understand the different components of the Power BI desktop."
142,Connecting to Data Sources,11,beginner,"This module explores how to connect Power BI Desktop to various data sources, such as Excel files, CSV files, databases, and online services. It also covers importing and transforming data."
143,Creating Visualizations,11,beginner,"This module focuses on creating different types of visualizations in Power BI, including charts, graphs, and maps. It teaches how to customize visualizations to effectively communicate data insights."
144,Building Reports and Dashboards,11,beginner,"This module covers building interactive reports and dashboards in Power BI, including adding filters, slicers, and drill-down capabilities. It also emphasizes best practices for report design."
145,Sharing and Publishing Reports,11,beginner,"This module explains how to share and publish Power BI reports with others, including sharing within the organization and publishing to the Power BI service."
146,Data Modeling and Relationships,11,beginner,"This module introduces data modeling concepts in Power BI, including creating relationships between tables, defining data types, and using measures to calculate values."
147,Understanding DAX (Data Analysis Expressions),11,beginner,"This module provides a basic understanding of DAX, a formula language used in Power BI for creating calculations and analyzing data. It covers essential DAX functions and syntax."
148,Working with Power BI Service,11,beginner,"This module explores the features of the Power BI service, including creating and managing workspaces, collaborating on reports, and setting up data refresh schedules."
149,Creating Interactive Filters and Slicers,11,beginner,This module dives deeper into creating effective filters and slicers in Power BI reports. It teaches various techniques to enhance interactivity and user experience.
150,Analyzing Data with Power BI,11,beginner,"This module covers different data analysis techniques that can be applied within Power BI, such as trend analysis, forecasting, and statistical calculations. It also explores common business intelligence use cases."
151,Advanced Power BI Data Modeling,11,advanced,"This module delves into complex data modeling techniques in Power BI, focusing on star schema, snowflake schema, and dimensional modeling. It covers advanced DAX expressions for calculated tables, measures, and calculated columns, as well as best practices for optimizing model performance."
152,Power BI Desktop Advanced Features,11,advanced,"This module explores the advanced features of Power BI Desktop, such as data profiling, data cleansing, and data transformation techniques. It delves into the use of Power Query M language for creating custom data transformations and advanced data manipulation."
153,Interactive Visualization and Storytelling with Power BI,11,advanced,"This module focuses on creating dynamic and interactive visualizations that tell compelling stories using Power BI. It covers advanced chart types, custom visuals, and interactive filtering and drilling techniques. It also explores techniques for designing engaging dashboards and reports that effectively communicate insights."
154,Advanced Power BI Administration and Deployment,11,advanced,"This module covers advanced administration and deployment aspects of Power BI. It explores topics such as capacity management, user management, data governance, and security best practices. It also delves into techniques for deploying Power BI reports and dashboards to different environments."
155,Power BI Integration with Other Tools and Technologies,11,advanced,"This module focuses on integrating Power BI with other business intelligence tools and technologies, such as SQL Server Analysis Services, Azure Synapse Analytics, and Python. It explores techniques for data extraction, transformation, and loading (ETL) from various sources, as well as data visualization and analysis across different platforms."
156,Power BI for Advanced Analytics,11,advanced,"This module delves into advanced analytics techniques using Power BI. It covers topics such as predictive modeling, machine learning algorithms, and statistical analysis using R and Python integration. It explores the use of Power BI for data exploration, pattern identification, and forecasting."
157,Understanding Data,12,beginner,"This module provides a basic understanding of data, its types, and how it is collected and stored. It will explore various data sources, including structured and unstructured data, and introduce essential data concepts like variables, observations, and datasets."
158,Data Cleaning and Preparation,12,beginner,"This module focuses on the practical aspects of preparing data for analysis. It covers techniques for handling missing values, outliers, inconsistent data formats, and data transformation to make it suitable for analysis."
159,Descriptive Statistics,12,beginner,"This module introduces fundamental statistical concepts for summarizing and describing data. It will cover measures of central tendency (mean, median, mode), measures of dispersion (range, variance, standard deviation), and visualization techniques like histograms and box plots."
160,Data Visualization,12,beginner,"This module focuses on creating meaningful and informative visual representations of data. It covers various types of charts and graphs, such as bar charts, line charts, scatter plots, and heatmaps, and explores how to choose the appropriate visualization for different data types and analysis objectives."
161,Introduction to Python for Data Analytics,12,beginner,"This module introduces the Python programming language and its essential libraries for data analysis, such as NumPy, Pandas, and Matplotlib. It covers basic Python syntax, data structures, and how to perform data manipulation and visualization using these libraries."
162,Advanced Data Mining Techniques,12,advanced,"This module delves into sophisticated data mining algorithms, exploring techniques like ensemble learning, deep learning for data mining, and advanced feature engineering. It covers the application of these techniques for complex pattern discovery, anomaly detection, and predictive modeling."
163,Big Data Analytics and Distributed Systems,12,advanced,"This module focuses on handling massive datasets and leveraging distributed computing frameworks. It examines technologies like Hadoop, Spark, and cloud-based analytics platforms, exploring their architectures, data processing models, and optimization strategies for large-scale data analytics."
164,Advanced Statistical Modeling for Data Analytics,12,advanced,"This module dives into advanced statistical modeling techniques specifically designed for data analysis. It covers topics like generalized linear models, mixed-effects models, survival analysis, time series analysis, and Bayesian inference, equipping students with tools for sophisticated data analysis and interpretation."
165,Data Visualization and Storytelling,12,advanced,"This module explores the art of effectively communicating insights from data through compelling visualizations. It delves into advanced visualization techniques, data storytelling principles, and interactive data exploration tools, enabling students to create impactful presentations and reports."
166,Data Governance and Security,12,advanced,"This module addresses the critical aspects of data governance and security within the context of data analytics. It covers topics like data privacy regulations (GDPR, CCPA), data quality management, data security best practices, and ethical considerations in data analysis."
167,Predictive Analytics and Machine Learning,12,advanced,"This module dives deep into the realm of predictive analytics using machine learning algorithms. It covers advanced topics like ensemble methods, deep learning models, reinforcement learning, and model explainability, enabling students to build sophisticated predictive models and understand their implications."
168,Natural Language Processing for Data Analytics,12,advanced,"This module explores the application of natural language processing (NLP) techniques for data analysis. It covers advanced NLP tasks like sentiment analysis, topic modeling, text summarization, and information extraction, enabling students to analyze unstructured text data effectively."
169,Data Engineering for Analytics Pipelines,12,advanced,"This module focuses on the practical aspects of building and managing data pipelines for analytics. It covers topics like data extraction, transformation, and loading (ETL), data warehousing, data streaming, and building scalable and efficient data infrastructure."
170,Optimization and Decision Modeling,12,advanced,"This module introduces advanced optimization techniques and decision modeling frameworks for data-driven decision making. It explores concepts like linear programming, integer programming, dynamic programming, and simulation modeling, enabling students to solve complex optimization problems and make data-informed decisions."
171,Advanced Data Analytics Applications,12,advanced,"This module examines real-world applications of data analytics in various domains, including finance, healthcare, marketing, e-commerce, and social sciences. It explores case studies, industry best practices, and emerging trends in data analytics, highlighting its impact on different sectors."
